<?xml version="1.0" encoding="utf-8"?>
<ModMetaData>
	<name>Rimworld Together</name>
	<author>Nova and Company</author>
	<packageId>nova.rimworldtogether</packageId>
	<supportedVersions>
		<li>1.4</li>
	</supportedVersions>
	<loadAfter>
		<li>brrainz.harmony</li>
		<li>Ludeon.RimWorld</li>
		<li>Ludeon.RimWorld.Royalty</li>
		<li>Ludeon.Rimworld.Ideology</li>
		<li>Ludeon.Rimworld.Biotech</li>
		<li>UnlimitedHugs.HugsLib</li>
	</loadAfter>
	<modDependencies>
		<li>
			<packageId>brrainz.harmony</packageId>
			<displayName>Harmony</displayName>
			<steamWorkshopUrl>steam://url/CommunityFilePage/2009463077</steamWorkshopUrl>
		</li>
		<li>
			<packageId>UnlimitedHugs.HugsLib</packageId>
			<displayName>Hugslib</displayName>
			<steamWorkshopUrl>steam://url/CommunityFilePage/818773962</steamWorkshopUrl>
		</li>
	</modDependencies>
	<description>
Ever wondered how would it be to be able to play with other players online in the same Rimworld world?\n
"Rimworld Together" is an early access community project founded by people who want to push the idea further!\n
Join a playstyle in which other players will actually be able to affect you!\n
Chat with them, trade with them, spy on them, raid them, build sites with them or even visit them in real time!\n
The list only gets bigger, what are you waiting for? Play, Together!
	</description>
</ModMetaData>