 <Defs>
 <ThingDef ParentName="BuildingBase">
    <defName>RTDefenseSpot</defName>
    <!--Name of the spot-->
    <label>Defense Spot</label>
    <!--Description of the spot-->
    <description>Designates a spot for pawns to defend when offline. Only applies to player raids!</description>
    <!--The C# class I think-->
    <thingClass>Building</thingClass>
    <graphicData>
    <!--Texture-->
      <texPath>Things/Building/Misc/DefenseSpot</texPath>
      <graphicClass>Graphic_Single</graphicClass>
      <drawSize>(1,1)</drawSize>
    </graphicData>
    <!--Don't touch that-->
    <altitudeLayer>FloorEmplacement</altitudeLayer>
    <statBases>
      <WorkToBuild>0</WorkToBuild>
    </statBases>
    <useHitPoints>False</useHitPoints>
    <scatterableOnMapGen>false</scatterableOnMapGen>
    <size>(1,1)</size>
    <designationCategory>Misc</designationCategory>
    <uiOrder>2000</uiOrder>
    <passability>Standable</passability>
    <building>
      <sowTag>SupportPlantsOnly</sowTag>
      <canPlaceOverImpassablePlant>false</canPlaceOverImpassablePlant>
      <ai_chillDestination>false</ai_chillDestination>
      <wakeDormantPawnsOnConstruction>false</wakeDormantPawnsOnConstruction>
      <artificialForMeditationPurposes>false</artificialForMeditationPurposes>
    </building>
    <!--hotkeys, not sure how those work-->
    <designationHotKey>Misc10</designationHotKey>
    <drawPlaceWorkersWhileSelected>True</drawPlaceWorkersWhileSelected>
  </ThingDef>
  </Defs>