<?xml version="1.0" encoding="utf-8" ?>
<Defs>
    	<FactionDef ParentName="FactionBase" Name="RTEnemy">
		<defName>RTEnemy</defName>
		<description>An online faction</description>
		<basicMemberKind>Colonist</basicMemberKind>
		<pawnSingular>colonist</pawnSingular>
		<pawnsPlural>colonists</pawnsPlural>
		<leaderTitle>leader</leaderTitle>
		<requiredCountAtGameStart>0</requiredCountAtGameStart>
		<label>Enemy Player Settlements</label>
		<fixedName>Enemy Player Settlements</fixedName>
		<factionIconPath>World/WorldObjects/Expanding/Town</factionIconPath>
		<settlementTexturePath>World/WorldObjects/DefaultSettlement</settlementTexturePath>
		<techLevel>Medieval</techLevel>
		<canSiege>true</canSiege>
		<canStageAttacks>true</canStageAttacks>
		<permanentEnemyToEveryoneExcept>
      			<li>RTAlly</li>
      			<li>RTNeutral</li>
      			<li>RTFaction</li>
    		</permanentEnemyToEveryoneExcept>
		<colorSpectrum>
			<li>(1, 0, 0)</li>
		</colorSpectrum>
		<backstoryFilters>
			<li>
				<categories>
					<li>Outlander</li>
				</categories>
				<commonality>0.95</commonality>
			</li>
			<li>
				<categories>
					<li>Offworld</li>
				</categories>
				<commonality>0.05</commonality>
			</li>
		</backstoryFilters>
		<baseTraderKinds>
			<li>Base_Outlander_Standard</li>
		</baseTraderKinds>
		<allowedArrivalTemperatureRange>0~45</allowedArrivalTemperatureRange>
		<humanlikeFaction>true</humanlikeFaction>
		<hidden>true</hidden>
		<rescueesCanJoin>false</rescueesCanJoin>
		<raidCommonalityFromPointsCurve>
      			<points>
        			<li>(0, 1)</li> <!--Constant 1 at all points levels-->
      			</points>
    		</raidCommonalityFromPointsCurve>
		<maxPawnCostPerTotalPointsCurve>
			<points>
				<li>(0,35)</li>
				<li>(70, 50)</li>
				<li>(800, 100)</li>
				<li>(1300, 150)</li>
				<li>(100000, 10000)</li>
			</points>
		</maxPawnCostPerTotalPointsCurve>
		<pawnGroupMakers>
			<li>
				<kindDef>Combat</kindDef>
				<options>
				<Villager>5</Villager>
				<Town_Guard>10</Town_Guard>
				<Grenadier_Destructive>1.5</Grenadier_Destructive>
				<Mercenary_Slasher>7</Mercenary_Slasher>
				<Mercenary_Gunner>10</Mercenary_Gunner>
				<Mercenary_Elite>10</Mercenary_Elite>
				<Town_Councilman>10</Town_Councilman>
				</options>
			</li>
			<li>
				<kindDef>Settlement</kindDef>
				<options>
					<Villager>5</Villager>
					<Town_Guard>10</Town_Guard>
					<Grenadier_Destructive>1.5</Grenadier_Destructive>
					<Mercenary_Slasher>7</Mercenary_Slasher>
					<Mercenary_Gunner>10</Mercenary_Gunner>
					<Mercenary_Elite>10</Mercenary_Elite>
					<Town_Councilman>10</Town_Councilman>
				</options>
			</li>
    		</pawnGroupMakers>
	</FactionDef>
</Defs>