<?xml version="1.0" encoding="utf-8" ?>
<Defs>
	<FactionDef ParentName="FactionBase" Name="RTNeutral">
		<defName>RTNeutral</defName>
		<description>An online faction</description>
		<basicMemberKind>Colonist</basicMemberKind>
		<pawnSingular>colonist</pawnSingular>
		<pawnsPlural>colonists</pawnsPlural>
		<leaderTitle>leader</leaderTitle>
		<requiredCountAtGameStart>0</requiredCountAtGameStart>
		<label>Neutral Player Settlements</label>
		<fixedName>Neutral Player Settlements</fixedName>
		<factionIconPath>World/WorldObjects/Expanding/Town</factionIconPath>
		<settlementTexturePath>World/WorldObjects/DefaultSettlement</settlementTexturePath>
		<techLevel>Medieval</techLevel>
		<canSiege>false</canSiege>
		<canStageAttacks>false</canStageAttacks>
		<permanentEnemy>false</permanentEnemy>
		<naturalEnemy>false</naturalEnemy>
		<colorSpectrum>
			<li>(1, 0.5, 0)</li>
		</colorSpectrum>
		<backstoryFilters>
			<li>
				<categories>
					<li>Outlander</li>
				</categories>
				<commonality>0.95</commonality>
			</li>
			<li>
				<categories>
					<li>Offworld</li>
				</categories>
				<commonality>0.05</commonality>
			</li>
		</backstoryFilters>
		<caravanTraderKinds>
      		<li>Caravan_Outlander_BulkGoods</li>
      		<li>Caravan_Outlander_CombatSupplier</li>
      		<li>Caravan_Outlander_Exotic</li>
      		<li>Caravan_Outlander_PirateMerchant</li>
    	</caravanTraderKinds>
    	<visitorTraderKinds>
      		<li>Visitor_Outlander_Standard</li>
    	</visitorTraderKinds>
    	<baseTraderKinds>
      		<li>Base_Outlander_Standard</li>
    	</baseTraderKinds>
		<allowedArrivalTemperatureRange>0~45</allowedArrivalTemperatureRange>
		<humanlikeFaction>true</humanlikeFaction>
		<hidden>true</hidden>
		<rescueesCanJoin>false</rescueesCanJoin>
		<maxPawnCostPerTotalPointsCurve>
			<points>
				<li>(0,10000)</li>
			</points>
		</maxPawnCostPerTotalPointsCurve>
		<pawnGroupMakers>
			<li>
				<kindDef>Settlement</kindDef>
				<options>
					<Villager>5</Villager>
					<Town_Guard>10</Town_Guard>
					<Grenadier_Destructive>1.5</Grenadier_Destructive>
					<Mercenary_Slasher>7</Mercenary_Slasher>
					<Mercenary_Gunner>10</Mercenary_Gunner>
					<Mercenary_Elite>10</Mercenary_Elite>
					<Town_Councilman>10</Town_Councilman>
				</options>
			</li>
			<li>
        		<kindDef>Trader</kindDef>
        		<traders>
          			<Town_Trader>1</Town_Trader>
        		</traders>
       			<carriers>
          			<Muffalo>6</Muffalo>
          			<Dromedary>5</Dromedary>
          			<Alpaca>2</Alpaca>
          			<Elephant>1</Elephant>
        		</carriers>
        		<guards>
          			<Villager>3</Villager>
          			<Town_Guard>10</Town_Guard>
          			<Grenadier_Destructive>1.5</Grenadier_Destructive>
					<Mercenary_Slasher>7</Mercenary_Slasher>
					<Mercenary_Gunner>10</Mercenary_Gunner>
					<Mercenary_Elite>10</Mercenary_Elite>
        		</guards>
      		</li>
    	</pawnGroupMakers>
	</FactionDef>
</Defs>